sample_file_path|inputs/region/attr_datasets/hydroatlas/attr_hydroatlas_conus.parquet
title|File containing HydroATLAS attribute data for all catchments in a NWM domain (e.g., CONUS).
div_id|Unique identifier for each catchment.
dis_m3_pyr|annual average natural discharge (m3/year)
dis_m3_pmn|annual minimum naturaldischarge (m3/month)
dis_m3_pmx|annual maximum natural discharge (m3/month)
run_mm_syr|sub-basin annual average land surface runoff (mm/year)
inu_pc_smn|sub-basin annual minimum inundation extent (percent)
inu_pc_umn|total watershed annual minimum inundation extent (percent)
inu_pc_smx|sub-basin annual maximum inundation extent (percent)
inu_pc_umx|total watershed annual maximum inundation extent (percent)
inu_pc_slt|sub-basin long-term maximum inundation extent (percent)
inu_pc_ult|total watershed long-term maximum inundation extent (percent)
lka_pc_sse|sub-basin lake area (percent)
lka_pc_use|total watershed lake area (percent)
lkv_mc_usu|total watershed lake volume (million m3)
rev_mc_usu|total watershed reservoir volume (million m3)
dor_pc_pva|sub-basin degree of regulation (percent)
ria_ha_ssu|sub-basin river area (hectares)
ria_ha_usu|total watershed river area (hectares)
riv_tc_ssu|sub-basin river volume (thousand m3)
riv_tc_usu|total watershed river volume (thousand m3)
gwt_cm_sav|sub-basin average groundwater table depth (cm)
ele_mt_sav|sub-basin average elevation (meters above sea level)
ele_mt_uav|total watershed average elevation (meters above sea level)
ele_mt_smn|sub-basin minimum elevation (meters above sea level)
ele_mt_smx|sub-basin maximum elevation (meters above sea level)
slp_dg_sav|sub-basin average slope (degrees)
slp_dg_uav|total watershed average slope (degrees)
sgr_dk_sav|sub-basin stream gradient (decimeters per kilometer)
clz_cl_smj|sub-basin spatial majority climate zone (classes 18)
cls_cl_smj|sub-basin spatial majority climate strata (classes 125)
tmp_dc_syr|sub-basin annual average temperature (degrees C x10)
tmp_dc_uyr|total watershed annual average temperature (degrees C x10)
tmp_dc_smn|sub-basin annual minimum temperature (degrees C x10)
tmp_dc_smx|sub-basin annual maximum temperature (degrees C x10)
tmp_dc_s01|sub-basin average January temperature (degrees C x10)
tmp_dc_s02|sub-basin average February temperature (degrees C x10)
tmp_dc_s03|sub-basin average March temperature (degrees C x10)
tmp_dc_s04|sub-basin average April temperature (degrees C x10)
tmp_dc_s05|sub-basin average May temperature (degrees C x10)
tmp_dc_s06|sub-basin average June temperature (degrees C x10)
tmp_dc_s07|sub-basin average July temperature (degrees C x10)
tmp_dc_s08|sub-basin average August temperature (degrees C x10)
tmp_dc_s09|sub-basin average September temperature (degrees C x10)
tmp_dc_s10|sub-basin average October temperature (degrees C x10)
tmp_dc_s11|sub-basin average November temperature (degrees C x10)
tmp_dc_s12|sub-basin average December temperature (degrees C x10)
pre_mm_syr|sub-basin annual average precipitation (mm/year)
pre_mm_uyr|total watershed annual average precipitation (mm/year)
pre_mm_s01|sub-basin average January precipitation (mm)
pre_mm_s02|sub-basin average February precipitation (mm)
pre_mm_s03|sub-basin average March precipitation (mm)
pre_mm_s04|sub-basin average April precipitation (mm)
pre_mm_s05|sub-basin average May precipitation (mm)
pre_mm_s06|sub-basin average June precipitation (mm)
pre_mm_s07|sub-basin average July precipitation (mm)
pre_mm_s08|sub-basin average August precipitation (mm)
pre_mm_s09|sub-basin average September precipitation (mm)
pre_mm_s10|sub-basin average October precipitation (mm)
pre_mm_s11|sub-basin average November precipitation (mm)
pre_mm_s12|sub-basin average December precipitation (mm)
pet_mm_syr|sub-basin annual average potential evapotranspiration (mm/year)
pet_mm_uyr|total watershed annual average potential evapotranspiration (mm/year)
pet_mm_s01|sub-basin average January potential evapotranspiration (mm)
pet_mm_s02|sub-basin average February potential evapotranspiration (mm)
pet_mm_s03|sub-basin average March potential evapotranspiration (mm)
pet_mm_s04|sub-basin average April potential evapotranspiration (mm)
pet_mm_s05|sub-basin average May potential evapotranspiration (mm)
pet_mm_s06|sub-basin average June potential evapotranspiration (mm)
pet_mm_s07|sub-basin average July potential evapotranspiration (mm)
pet_mm_s08|sub-basin average August potential evapotranspiration (mm)
pet_mm_s09|sub-basin average September potential evapotranspiration (mm)
pet_mm_s10|sub-basin average October potential evapotranspiration (mm)
pet_mm_s11|sub-basin average November potential evapotranspiration (mm)
pet_mm_s12|sub-basin average December potential evapotranspiration (mm)
aet_mm_syr|sub-basin annual average actual evapotranspiration (mm/year)
aet_mm_uyr|total watershed annual average actual evapotranspiration (mm/year)
aet_mm_s01|sub-basin average January actual evapotranspiration (mm)
aet_mm_s02|sub-basin average February actual evapotranspiration (mm)
aet_mm_s03|sub-basin average March actual evapotranspiration (mm)
aet_mm_s04|sub-basin average April actual evapotranspiration (mm)
aet_mm_s05|sub-basin average May actual evapotranspiration (mm)
aet_mm_s06|sub-basin average June actual evapotranspiration (mm)
aet_mm_s07|sub-basin average July actual evapotranspiration (mm)
aet_mm_s08|sub-basin average August actual evapotranspiration (mm)
aet_mm_s09|sub-basin average September actual evapotranspiration (mm)
aet_mm_s10|sub-basin average October actual evapotranspiration (mm)
aet_mm_s11|sub-basin average November actual evapotranspiration (mm)
aet_mm_s12|sub-basin average December actual evapotranspiration (mm)
ari_ix_sav|sub-basin average global arid index (index value)
ari_ix_uav|total watershed average global arid index (index value)
cmi_ix_syr|sub-basin annual average climate moisture index (index value)
cmi_ix_uyr|total watershed annual average climate moisture index (index value)
cmi_ix_s01|sub-basin average January climate moisture index (index value)
cmi_ix_s02|sub-basin average February climate moisture index (index value)
cmi_ix_s03|sub-basin average March climate moisture index (index value)
cmi_ix_s04|sub-basin average April climate moisture index (index value)
cmi_ix_s05|sub-basin average May climate moisture index (index value)
cmi_ix_s06|sub-basin average June climate moisture index (index value)
cmi_ix_s07|sub-basin average July climate moisture index (index value)
cmi_ix_s08|sub-basin average August climate moisture index (index value)
cmi_ix_s09|sub-basin average September climate moisture index (index value)
cmi_ix_s10|sub-basin average October climate moisture index (index value)
cmi_ix_s11|sub-basin average November climate moisture index (index value)
cmi_ix_s12|sub-basin average December climate moisture index (index value)
snw_pc_syr|sub-basin annual average snow cover extent (percent)
snw_pc_uyr|total watershed annual average snow cover extent (percent)
snw_pc_smx|sub-basin annual maximum snow cover extent (percent)
snw_pc_s01|sub-basin average January snow cover extent (percent)
snw_pc_s02|sub-basin average February snow cover extent (percent)
snw_pc_s03|sub-basin average March snow cover extent (percent)
snw_pc_s04|sub-basin average April snow cover extent (percent)
snw_pc_s05|sub-basin average May snow cover extent (percent)
snw_pc_s06|sub-basin average June snow cover extent (percent)
snw_pc_s07|sub-basin average July snow cover extent (percent)
snw_pc_s08|sub-basin average August snow cover extent (percent)
snw_pc_s09|sub-basin average September snow cover extent (percent)
snw_pc_s10|sub-basin average October snow cover extent (percent)
snw_pc_s11|sub-basin average November snow cover extent (percent)
snw_pc_s12|sub-basin average December snow cover extent (percent)
glc_cl_smj|sub-basin spatial majority land cover classes (classes 22)
glc_pc_s01|sub-basin percentage of forest land cover class 1 (broadleaf evergreen forest)
glc_pc_s02|sub-basin percentage of forest land cover class 2 (needleleaf evergreen forest)
glc_pc_s03|sub-basin percentage of forest land cover class 3 (broadleaf deciduous forest)
glc_pc_s04|sub-basin percentage of forest land cover class 4 (needleleaf deciduous forest)
glc_pc_s05|sub-basin percentage of forest land cover class 5 (mixed forest)
glc_pc_s06|sub-basin percentage of forest land cover class 6 (shrubland)
glc_pc_s07|sub-basin percentage of forest land cover class 7 (grassland)
glc_pc_s08|sub-basin percentage of forest land cover class 8 (wetland)
glc_pc_s09|sub-basin percentage of forest land cover class 9 (tundra)
glc_pc_s10|sub-basin percentage of forest land cover class 10 (desert)
glc_pc_s11|sub-basin percentage of forest land cover class 11 (urban)
glc_pc_s12|sub-basin percentage of forest land cover class 12 (water)
glc_pc_s13|sub-basin percentage of forest land cover class 13 (ice)
glc_pc_s14|sub-basin percentage of forest land cover class 14 (bare soil)
glc_pc_s15|sub-basin percentage of forest land cover class 15 (agricultural)
glc_pc_s16|sub-basin percentage of forest land cover class 16 (plantation)
glc_pc_s17|sub-basin percentage of forest land cover class 17 (mangrove)
glc_pc_s18|sub-basin percentage of forest land cover class 18 (bamboo)
glc_pc_s19|sub-basin percentage of forest land cover class 19 (savanna)
glc_pc_s20|sub-basin percentage of forest land cover class 20 (tropical rainforest)
glc_pc_s21|sub-basin percentage of forest land cover class 21 (temperate rainforest)
glc_pc_s22|sub-basin percentage of forest land cover class 22 (unknown)
glc_pc_u01|total watershed percentage of forest land cover class 1 (broadleaf evergreen forest)
glc_pc_u02|total watershed percentage of forest land cover class 2 (needleleaf evergreen forest)
glc_pc_u03|total watershed percentage of forest land cover class 3 (broadleaf deciduous forest)
glc_pc_u04|total watershed percentage of forest land cover class 4 (needleleaf deciduous forest)
glc_pc_u05|total watershed percentage of forest land cover class 5 (mixed forest)
glc_pc_u06|total watershed percentage of forest land cover class 6 (shrubland)
glc_pc_u07|total watershed percentage of forest land cover class 7 (grassland)
glc_pc_u08|total watershed percentage of forest land cover class 8 (wetland)
glc_pc_u09|total watershed percentage of forest land cover class 9 (tundra)
glc_pc_u10|total watershed percentage of forest land cover class 10 (desert)
glc_pc_u11|total watershed percentage of forest land cover class 11 (urban)
glc_pc_u12|total watershed percentage of forest land cover class 12 (water)
glc_pc_u13|total watershed percentage of forest land cover class 13 (ice)
glc_pc_u14|total watershed percentage of forest land cover class 14 (bare soil)
glc_pc_u15|total watershed percentage of forest land cover class 15 (agricultural)
glc_pc_u16|total watershed percentage of forest land cover class 16 (plantation)
glc_pc_u17|total watershed percentage of forest land cover class 17 (mangrove)
glc_pc_u18|total watershed percentage of forest land cover class 18 (bamboo)
glc_pc_u19|total watershed percentage of forest land cover class 19 (savanna)
glc_pc_u20|total watershed percentage of forest land cover class 20 (tropical rainforest)
glc_pc_u21|total watershed percentage of forest land cover class 21 (temperate rainforest)
glc_pc_u22|total watershed percentage of forest land cover class 22 (unknown)
pnv_cl_smj|sub-basin potential natural vegetation spatial majority classes (classes 15)
pnv_pc_s01|sub-basin percentage of potential natural vegetation class 1 (broadleaf evergreen forest)
pnv_pc_s02|sub-basin percentage of potential natural vegetation class 2 (needleleaf evergreen forest)
pnv_pc_s03|sub-basin percentage of potential natural vegetation class 3 (broadleaf deciduous forest)
pnv_pc_s04|sub-basin percentage of potential natural vegetation class 4 (needleleaf deciduous forest)
pnv_pc_s05|sub-basin percentage of potential natural vegetation class 5 (mixed forest)
pnv_pc_s06|sub-basin percentage of potential natural vegetation class 6 (shrubland)
pnv_pc_s07|sub-basin percentage of potential natural vegetation class 7 (grassland)
pnv_pc_s08|sub-basin percentage of potential natural vegetation class 8 (wetland)
pnv_pc_s09|sub-basin percentage of potential natural vegetation class 9 (tundra)
pnv_pc_s10|sub-basin percentage of potential natural vegetation class 10 (desert)
pnv_pc_s11|sub-basin percentage of potential natural vegetation class 11 (urban)
pnv_pc_s12|sub-basin percentage of potential natural vegetation class 12 (water)
pnv_pc_s13|sub-basin percentage of potential natural vegetation class 13 (ice)
pnv_pc_s14|sub-basin percentage of potential natural vegetation class 14 (bare soil)
pnv_pc_s15|sub-basin percentage of potential natural vegetation class 15 (agricultural)
pnv_pc_u01|total watershed percentage of potential natural vegetation class 1 (broadleaf evergreen forest)
pnv_pc_u02|total watershed percentage of potential natural vegetation class 2 (needleleaf evergreen forest)
pnv_pc_u03|total watershed percentage of potential natural vegetation class 3 (broadleaf deciduous forest)
pnv_pc_u04|total watershed percentage of potential natural vegetation class 4 (needleleaf deciduous forest)
pnv_pc_u05|total watershed percentage of potential natural vegetation class 5 (mixed forest)
pnv_pc_u06|total watershed percentage of potential natural vegetation class 6 (shrubland)
pnv_pc_u07|total watershed percentage of potential natural vegetation class 7 (grassland)
pnv_pc_u08|total watershed percentage of potential natural vegetation class 8 (wetland)
pnv_pc_u09|total watershed percentage of potential natural vegetation class 9 (tundra)
pnv_pc_u10|total watershed percentage of potential natural vegetation class 10 (desert)
pnv_pc_u11|total watershed percentage of potential natural vegetation class 11 (urban)
pnv_pc_u12|total watershed percentage of potential natural vegetation class 12 (water)
pnv_pc_u13|total watershed percentage of potential natural vegetation class 13 (ice)
pnv_pc_u14|total watershed percentage of potential natural vegetation class 14 (bare soil)
pnv_pc_u15|total watershed percentage of potential natural vegetation class 15 (agricultural)
wet_cl_smj|sub-basin spatial majority wetland classes (classes 12)
wet_pc_sg1|sub-basin percentage of wetland cover for class group 1
wet_pc_ug1|total watershed percentage of wetland cover for class group 1
wet_pc_sg2|sub-basin percentage of wetland cover for class group 2
wet_pc_ug2|total watershed percentage of wetland cover for class group 2
wet_pc_s01|sub-basin percentage of wetland cover for class group 1
wet_pc_s02|sub-basin percentage of wetland cover for class group 2
wet_pc_s03|sub-basin percentage of wetland cover for class group 3
wet_pc_s04|sub-basin percentage of wetland cover for class group 4
wet_pc_s05|sub-basin percentage of wetland cover for class group 5
wet_pc_s06|sub-basin percentage of wetland cover for class group 6
wet_pc_s07|sub-basin percentage of wetland cover for class group 7
wet_pc_s08|sub-basin percentage of wetland cover for class group 8
wet_pc_s09|sub-basin percentage of wetland cover for class group 9
wet_pc_u01|total watershed percentage of wetland cover for class group 1
wet_pc_u02|total watershed percentage of wetland cover for class group 2
wet_pc_u03|total watershed percentage of wetland cover for class group 3
wet_pc_u04|total watershed percentage of wetland cover for class group 4
wet_pc_u05|total watershed percentage of wetland cover for class group 5
wet_pc_u06|total watershed percentage of wetland cover for class group 6
wet_pc_u07|total watershed percentage of wetland cover for class group 7
wet_pc_u08|total watershed percentage of wetland cover for class group 8
wet_pc_u09|total watershed percentage of wetland cover for class group 9
for_pc_sse|sub-basin forest cover extent (percentage)
for_pc_use|total watershed forest cover extent (percentage)
crp_pc_sse|sub-basin crop cover extent (percentage)
crp_pc_use|total watershed crop cover extent (percentage)
pst_pc_sse|sub-basin pasture cover extent (percentage)
pst_pc_use|total watershed pasture cover extent (percentage)
ire_pc_sse|sub-basin irrigated area extent (percentage)
ire_pc_use|total watershed irrigated area extent (percentage)
gla_pc_sse|sub-basin glacier cover (percentage)
gla_pc_use|total watershed glacier cover (percentage)
prm_pc_sse|sub-basin permafrost cover (percentage)
prm_pc_use|total watershed permafrost cover (percentage)
pac_pc_sse|sub-basin protected area cover (percentage)
pac_pc_use|total watershed protected area cover (percentage)
tbi_cl_smj|sub-basin terrestrial biome spatial majority classes (classes 14)
tec_cl_smj|sub-basin terrestrial ecoregion spatial majority classes (classes 14)
fmh_cl_smj|sub-basin spatial majority of freshwater major habitat classes (classes 13)
fec_cl_smj|sub-basin spatial majority of freshwater ecoregions (classes 426)
cly_pc_sav|sub-basin average clay content (percentage)
cly_pc_uav|total watershed average clay content (percentage)
slt_pc_sav|sub-basin average silt content (percentage)
slt_pc_uav|total watershed average silt content (percentage)
snd_pc_sav|sub-basin average sand content (percentage)
snd_pc_uav|total watershed average sand content (percentage)
soc_th_sav|sub-basin average soil organic carbon (percentage)
soc_th_uav|total watershed average soil organic carbon (percentage)
swc_pc_syr|sub-basin average soil water content (percentage)
swc_pc_uyr|total watershed average soil water content (percentage)
swc_pc_s01|sub-basin soil water content for January (percentage)
swc_pc_s02|sub-basin soil water content for February (percentage)
swc_pc_s03|sub-basin soil water content for March (percentage)
swc_pc_s04|sub-basin soil water content for April (percentage)
swc_pc_s05|sub-basin soil water content for May (percentage)
swc_pc_s06|sub-basin soil water content for June (percentage)
swc_pc_s07|sub-basin soil water content for July (percentage)
swc_pc_s08|sub-basin soil water content for August (percentage)
swc_pc_s09|sub-basin soil water content for September (percentage)
swc_pc_s10|sub-basin soil water content for October (percentage)
swc_pc_s11|sub-basin soil water content for November (percentage)
swc_pc_s12|sub-basin soil water content for December (percentage)
lit_cl_smj|sub-basin spatial majority lithology classes (classes 16)
kar_pc_sse|sub-basin spatial extent of karst cover (percentage)
kar_pc_use|total watershed spatial extent of karst cover (percentage)
ero_kh_sav|sub-basin soil erosion (kg/hectare/yr)
ero_kh_uav|total watershed soil erosion (kg/hectare/yr)
pop_ct_ssu|sub-basin population count (count thousands)
pop_ct_usu|total watershed population count (count thousands)
ppd_pk_sav|sub-basin population density (people/km2)
ppd_pk_uav|total watershed population density (people/km2)
urb_pc_sse|sub-basin urban cover (percentage)
urb_pc_use|total watershed urban cover (percentage)
nli_ix_sav|sub-basin average nighttime lights index (index value)
nli_ix_uav|total watershed average nighttime lights index (index value)
rdd_mk_sav|sub-basin road density (m/km2)
rdd_mk_uav|total watershed road density (m/km2)
hft_ix_s93|sub-basin human footprint index for 1993 (index value)
hft_ix_u93|total watershed human footprint index for 2009 (index value)
hft_ix_s09|sub-basin human footprint index for 2009 (index value)
hft_ix_u09|total watershed human footprint index for 2009 (index value)
gad_id_smj|sub-basin administrative unit spatial majority (ID number)
gdp_ud_sav|sub-basin average gross domestic product (USD)
gdp_ud_ssu|sub-basin total gross domestic product (USD)
gdp_ud_usu|total watershed gross domestic product (USD)
hdi_ix_sav|sub-basin human development index (index value)