sample_file_path|outputs/region/test/pairs/pairs_gower_conus_vpu03S.parquet
title|Receiver-donor pairs generated from parameter regionalization using distance-based algorithms (currently Gower and URF). 
div_id|Unique identifier for each receiver catchment.  
tag|Identifier indicating whether the donor is found using all selected attributes during the "main" run or using basic attributes during the "basic" run.
donor|Unique identifier for each donor catchment.
distSpatial|Spatial distance between the receiver and donor catchments (in kilometers).
distAttr|Attribute distance between the receiver and donor catchments (unitless).
donors|The final set of donors considered for the receiver catchment. The number of final donors is determined by the "n_donor_max" parameter specified in the configuration.
distSpatials|Spatial distances corresponding to the final set of donors (in kilometers).
distAttrs|Attribute distances corresponding to the final set of donors (unitless).
